question,answer
What is the best age for baby ear piercing?,The ideal age is between 2 to 6 months when babies have received their first vaccinations and tend to heal quickly.
Is ear piercing painful for babies?,Babies may feel a quick pinch
how long it takes for baby ear piercing to heal?,The healing time for a baby's ear piercing typically takes about **6 to 8 weeks**
Healing time after a babies ear piercing?,The healing time for a baby's ear piercing typically takes **6 to 12 weeks**
How much cost of a babies ear piercing at home?,"When considering ear piercing for children, it’s essential to choose a professional, sterile environment, ensure proper aftercare to prevent infections, and wait until the child is old enough to understand and consent to the process."
what is the  cost of a babies ear piercing ?,"Certainly! Ear piercing for children should be done by a professional using sterile equipment to ensure safety and minimize the risk of infection, and it’s important to follow aftercare instructions carefully to promote proper healing."
How long does it usually take for a baby’s pierced ears to recover?,"Certainly! Please provide your query (user_input), and I'll give a concise, single-sentence answer within 150 words. For example, if you ask, *""What’s the best age for a baby’s first ear piercing?""*, I might respond: *""Many pediatricians recommend waiting until at least 6 months old to ensure the baby’s immune system is stronger, though some parents choose to pierce after 2-3 months with proper aftercare, always using"
what are the signs of infections after ear piercing?,"Pediatric ear piercing is a safe and common procedure when performed by a trained professional using sterile equipment, ensuring proper aftercare to prevent infections and promote healing."
what are the sign for infected ear piercing?,"Ensure the piercing is done with sterile equipment, choose hypoallergenic jewelry, and follow proper aftercare to prevent infections and promote healing."
Should I remove the earings if the ear is infected?,"Yes, you should remove the earrings if the ear is infected to allow proper healing and prevent further irritation or complications."
do I need to remove the earings if the baby's ear is in pain?,"Yes, you should remove the earrings immediately if the baby’s ear is in pain, clean the area gently with saline solution, and consult a healthcare professional to assess for infection or other issues."
what is the cost of ear piercing at home?,"The cost of ear piercing at home can vary widely depending on several factors, including the type of equipment used, whether you hire a professional, and the quality of the earrings. Here’s a general breakdown:

### 1. **DIY Kits:**
   - **Basic Kits:** $10 - $30
     - These usually include a piercing gun, earrings, and antiseptic wipes.
   - **Higher-Quality Kits:** $30 - $60
    "
what is ear piercing?,"Ear piercing is the process of creating a small hole in the earlobe or other parts of the ear to allow for the insertion of jewelry, such as studs, hoops, or rings. It is one of the oldest and most common forms of body modification, practiced across cultures for aesthetic, cultural, or personal reasons.

### **Types of Ear Piercings:**
1. **Lobe Piercing** – The most common type, done on the soft lower part of the ear.
"
who is pediatric?,"A pediatric patient is a child or adolescent typically under the age of 18 who receives medical care, including ear piercing, from a healthcare provider specializing in pediatrics."
do it nessary to pierce a babies ear?,"No, it is not necessary to pierce a baby’s ears, as it is a personal or cultural choice rather than a medical requirement, and parents should consider potential risks, such as infection or allergic reactions, before deciding."
why ear piercing is painfull?,"Ear piercing is painful because it involves puncturing the skin and cartilage with a needle or piercing gun, which stimulates nerve endings and causes temporary discomfort."
do you know about pediatric?,"Yes, pediatric refers to the branch of medicine focused on the health and medical care of infants, children, and adolescents, including services like ear piercing that are tailored to their specific needs and safety."
rate my resume,"To provide an accurate rating of your resume, I would need to review its content, structure, formatting, and alignment with the job you're targeting; please share it for a detailed evaluation."
what are the different healling stages of baby's ear piercing?,"A baby's ear piercing typically heals in three stages: the initial inflammatory stage (redness and swelling for 1-2 weeks), the proliferative stage (formation of new tissue and reduced discomfort over 3-6 weeks), and the maturation stage (full healing and stabilization of the piercing over 6-12 weeks)."
